n,pdgnn_cert_ratio_mean,pdgnn_cert_ratio_std,dual_quality_mean,dual_quality_std,count
200,1.2994947936041121,0.04810337067220206,0.9639766157877615,0.03520228070028205,30
500,1.2963870721486974,0.04991062692770833,0.961491666594935,0.03645395418912063,30
1000,1.2902090348540385,0.04899902005968821,0.9630004576242049,0.0360151710000335,30
